{"train_loss": [1.6608310589795974, 1.411297029978832, 1.2648991744239608, 1.158413563979418, 1.0906818367514448, 1.0069377268247368, 0.9570398190114405, 0.9073546257717128, 0.8702759492214343, 0.8191780711092943, 0.8034038044457734, 0.7754327667589874, 0.7457236519895731, 0.7160819589542807, 0.6925349654442022], "val_loss": [1.1073908526838319, 0.9801336090755199, 0.8979007949316797, 0.85152278510007, 0.8268361040580371, 0.8128900997697814, 0.7926152725324814, 0.7719040262370727, 0.773381444859439, 0.7673164610889004, 0.7798050435811035, 0.7607263027111032, 0.7649027234200932, 0.759273165044049, 0.7829204404189896], "train_acc": [0.5895631641086186, 0.6436835891381346, 0.6769303423848878, 0.7030460448642267, 0.7172609208972845, 0.7381345926800472, 0.7480755608028336, 0.7593152302243211, 0.7704604486422668, 0.7805667060212514, 0.7865171192443919, 0.7933648170011807, 0.800543093270366, 0.8068240850059032, 0.8135537190082645], "val_acc": [0.7099724517906336, 0.7369696969696969, 0.7602203856749311, 0.7696969696969697, 0.7784022038567493, 0.7846831955922865, 0.7898622589531681, 0.7955922865013774, 0.7976859504132231, 0.8008815426997246, 0.7960330578512397, 0.8033057851239669, 0.805068870523416, 0.8100275482093664, 0.8035261707988981]}